name,url
#pastagang,https://edmdancedirectory.com/djs/pastagang
$EJ,https://edmdancedirectory.com/djs/ej
&ME,https://edmdancedirectory.com/djs/me
&more,https://edmdancedirectory.com/djs/more
(V)Vilches,https://edmdancedirectory.com/djs/vvilches
.Cheka,https://edmdancedirectory.com/djs/cheka
.JKM,https://edmdancedirectory.com/djs/jkm
.VRIL,https://edmdancedirectory.com/djs/vril
.VRIL LIVE,https://edmdancedirectory.com/djs/vril-live
//DLM,https://edmdancedirectory.com/djs/dlm
01100110,https://edmdancedirectory.com/djs/01100110
044 Jaw,https://edmdancedirectory.com/djs/044-jaw
0dysseus,https://edmdancedirectory.com/djs/0dysseus
0neo,https://edmdancedirectory.com/djs/0neo
1-800 GIRLS,https://edmdancedirectory.com/djs/1-800-girls
1-800-Lolita,https://edmdancedirectory.com/djs/1-800-lolita
1000bodies,https://edmdancedirectory.com/djs/1000bodies
10961,https://edmdancedirectory.com/djs/10961
11:68PM,https://edmdancedirectory.com/djs/1168pm
120 max,https://edmdancedirectory.com/djs/120-max
12th Planet,https://edmdancedirectory.com/djs/12th-planet
131bpm,https://edmdancedirectory.com/djs/131bpm
16BL,https://edmdancedirectory.com/djs/16bl
1905,https://edmdancedirectory.com/djs/1905
1991,https://edmdancedirectory.com/djs/1991
1991 (UK),https://edmdancedirectory.com/djs/1991-uk
19:26,https://edmdancedirectory.com/djs/1926
1Night Only,https://edmdancedirectory.com/djs/1night-only
1_l_2_p,https://edmdancedirectory.com/djs/1_l_2_p
1luu,https://edmdancedirectory.com/djs/1luu
1morning,https://edmdancedirectory.com/djs/1morning
1tbsp,https://edmdancedirectory.com/djs/1tbsp
2 Bad Mice,https://edmdancedirectory.com/djs/2-bad-mice
2 boots,https://edmdancedirectory.com/djs/2-boots
2077,https://edmdancedirectory.com/djs/2077
20_5_3_8_14_15,https://edmdancedirectory.com/djs/20_5_3_8_14_15
22 Interns,https://edmdancedirectory.com/djs/22-interns
220 KID,https://edmdancedirectory.com/djs/220-kid
22Cheeky,https://edmdancedirectory.com/djs/22cheeky
2727,https://edmdancedirectory.com/djs/2727
2D0GS,https://edmdancedirectory.com/djs/2d0gs
2HOT2PLAY,https://edmdancedirectory.com/djs/2hot2play
2K88,https://edmdancedirectory.com/djs/2k88
2Lanes,https://edmdancedirectory.com/djs/2lanes
2ManyDJs,https://edmdancedirectory.com/djs/2manydjs
2QUID,https://edmdancedirectory.com/djs/2quid
2Qimic,https://edmdancedirectory.com/djs/2qimic
2Shy MC,https://edmdancedirectory.com/djs/2shy-mc
2THEMAX,https://edmdancedirectory.com/djs/2themax
2charm,https://edmdancedirectory.com/djs/2charm
2fox,https://edmdancedirectory.com/djs/2fox
2garlics,https://edmdancedirectory.com/djs/2garlics
3 Minds,https://edmdancedirectory.com/djs/3-minds
30000AD,https://edmdancedirectory.com/djs/30000ad
314A,https://edmdancedirectory.com/djs/314a
320 (1),https://edmdancedirectory.com/djs/320-1
36framez,https://edmdancedirectory.com/djs/36framez
3DMA,https://edmdancedirectory.com/djs/3dma
3Hertz,https://edmdancedirectory.com/djs/3hertz
3LEEZA,https://edmdancedirectory.com/djs/3leeza
3LNA,https://edmdancedirectory.com/djs/3lna
3PM RECORDS,https://edmdancedirectory.com/djs/3pm-records
3RDV,https://edmdancedirectory.com/djs/3rdv
3ever,https://edmdancedirectory.com/djs/3ever
3mouth,https://edmdancedirectory.com/djs/3mouth
4000 Hz,https://edmdancedirectory.com/djs/4000-hz
42nd Avenue,https://edmdancedirectory.com/djs/42nd-avenue
444 (1),https://edmdancedirectory.com/djs/444-1
4AM NYC,https://edmdancedirectory.com/djs/4am-nyc
4BLISS#,https://edmdancedirectory.com/djs/4bliss
4D (UK),https://edmdancedirectory.com/djs/4d-uk
4NOUK,https://edmdancedirectory.com/djs/4nouk
4Pleasure,https://edmdancedirectory.com/djs/4pleasure
4STR0,https://edmdancedirectory.com/djs/4str0
4am Kru,https://edmdancedirectory.com/djs/4am-kru
4meter,https://edmdancedirectory.com/djs/4meter
4wallzz,https://edmdancedirectory.com/djs/4wallzz
50CAL,https://edmdancedirectory.com/djs/50cal
550am,https://edmdancedirectory.com/djs/550am
5euroGoldi,https://edmdancedirectory.com/djs/5eurogoldi
619!,https://edmdancedirectory.com/djs/619
6EJOU,https://edmdancedirectory.com/djs/6ejou
7005,https://edmdancedirectory.com/djs/7005
7038634357,https://edmdancedirectory.com/djs/7038634357
7CIRCLE,https://edmdancedirectory.com/djs/7circle
7ommes,https://edmdancedirectory.com/djs/7ommes
808 State,https://edmdancedirectory.com/djs/808-state
8KAYS,https://edmdancedirectory.com/djs/8kays
8Kitoo,https://edmdancedirectory.com/djs/8kitoo
8ULENTINA,https://edmdancedirectory.com/djs/8ulentina
90 (1),https://edmdancedirectory.com/djs/90-1
909 RACING TEAM,https://edmdancedirectory.com/djs/909-racing-team
96 Back,https://edmdancedirectory.com/djs/96-back
98dots,https://edmdancedirectory.com/djs/98dots
999999999,https://edmdancedirectory.com/djs/999999999
99jakes,https://edmdancedirectory.com/djs/99jakes
9LALEY,https://edmdancedirectory.com/djs/9laley
9dwa,https://edmdancedirectory.com/djs/9dwa
A DJ Named SNE,https://edmdancedirectory.com/djs/a-dj-named-sne
A For Alpha,https://edmdancedirectory.com/djs/a-for-alpha
A Guy Called Gerald,https://edmdancedirectory.com/djs/a-guy-called-gerald
A Hard Day's Dance,https://edmdancedirectory.com/djs/a-hard-days-dance
A LOVE FROM OUTER SPACE,https://edmdancedirectory.com/djs/a-love-from-outer-space
A Little Sound,https://edmdancedirectory.com/djs/a-little-sound
A Sharp,https://edmdancedirectory.com/djs/a-sharp
A Strange Wedding,https://edmdancedirectory.com/djs/a-strange-wedding
A lana,https://edmdancedirectory.com/djs/a-lana
A*S*Y*S (2),https://edmdancedirectory.com/djs/asys-2
A-440,https://edmdancedirectory.com/djs/a-440
A-Rize,https://edmdancedirectory.com/djs/a-rize
A-Trak,https://edmdancedirectory.com/djs/a-trak
A. Parssi,https://edmdancedirectory.com/djs/a-parssi
A.Fruit,https://edmdancedirectory.com/djs/afruit
A.I.F.O.S.,https://edmdancedirectory.com/djs/aifos
A.K(lifee),https://edmdancedirectory.com/djs/aklifee
A.L.C,https://edmdancedirectory.com/djs/alc
A.M. Project,https://edmdancedirectory.com/djs/am-project
A.M.C,https://edmdancedirectory.com/djs/amc
A.N.I.,https://edmdancedirectory.com/djs/ani
A.N.I.C.E.,https://edmdancedirectory.com/djs/anice
A.N.T,https://edmdancedirectory.com/djs/ant
A.Pringle,https://edmdancedirectory.com/djs/apringle
A.Wild,https://edmdancedirectory.com/djs/awild
A.mo,https://edmdancedirectory.com/djs/amo
A.tari,https://edmdancedirectory.com/djs/atari
A2XBY,https://edmdancedirectory.com/djs/a2xby
AADJA,https://edmdancedirectory.com/djs/aadja
AALEX,https://edmdancedirectory.com/djs/aalex
AALIYAH,https://edmdancedirectory.com/djs/aaliyah
AAMIROO,https://edmdancedirectory.com/djs/aamiroo
AARON,https://edmdancedirectory.com/djs/aaron
AARON SEVILLA,https://edmdancedirectory.com/djs/aaron-sevilla
AAT B2B Maqossa,https://edmdancedirectory.com/djs/aat-b2b-maqossa
AAfrAA,https://edmdancedirectory.com/djs/aafraa
AAlva,https://edmdancedirectory.com/djs/aalva
ABADIR,https://edmdancedirectory.com/djs/abadir
ABEILLE,https://edmdancedirectory.com/djs/abeille
ABEL (UK),https://edmdancedirectory.com/djs/abel-uk
ABI (FR),https://edmdancedirectory.com/djs/abi-fr
ABS (4),https://edmdancedirectory.com/djs/abs-4
AC (dot robot),https://edmdancedirectory.com/djs/ac-dot-robot
AC Slater,https://edmdancedirectory.com/djs/ac-slater
AC13,https://edmdancedirectory.com/djs/ac13
ACA (YU),https://edmdancedirectory.com/djs/aca-yu
ACID HARRY,https://edmdancedirectory.com/djs/acid-harry
ACIDMOM,https://edmdancedirectory.com/djs/acidmom
ADAM MUNNINGS,https://edmdancedirectory.com/djs/adam-munnings
ADAM REC.,https://edmdancedirectory.com/djs/adam-rec
ADAMN,https://edmdancedirectory.com/djs/adamn
ADB (FR),https://edmdancedirectory.com/djs/adb-fr
ADEMES,https://edmdancedirectory.com/djs/ademes
ADEZ,https://edmdancedirectory.com/djs/adez
ADHDaddy,https://edmdancedirectory.com/djs/adhdaddy
ADHI,https://edmdancedirectory.com/djs/adhi
ADMNTi,https://edmdancedirectory.com/djs/admnti
ADR (UK),https://edmdancedirectory.com/djs/adr-uk
ADREE,https://edmdancedirectory.com/djs/adree
ADRI.G,https://edmdancedirectory.com/djs/adrig
ADRIANA LUCID,https://edmdancedirectory.com/djs/adriana-lucid
ADRIANNA,https://edmdancedirectory.com/djs/adrianna
ADRIELY,https://edmdancedirectory.com/djs/adriely
ADULT.,https://edmdancedirectory.com/djs/adult
AEKO,https://edmdancedirectory.com/djs/aeko
AEON FUX,https://edmdancedirectory.com/djs/aeon-fux
AERAE,https://edmdancedirectory.com/djs/aerae
AEREA,https://edmdancedirectory.com/djs/aerea
AFAR,https://edmdancedirectory.com/djs/afar
AG (1),https://edmdancedirectory.com/djs/ag-1
AG (NYC),https://edmdancedirectory.com/djs/ag-nyc
AGELESS,https://edmdancedirectory.com/djs/ageless
AGY3NA,https://edmdancedirectory.com/djs/agy3na
AHAB,https://edmdancedirectory.com/djs/ahab
AHEE,https://edmdancedirectory.com/djs/ahee
AIDA (CA),https://edmdancedirectory.com/djs/aida-ca
AINA.KRU,https://edmdancedirectory.com/djs/ainakru
AIS De La Montagne,https://edmdancedirectory.com/djs/ais-de-la-montagne
AISHA,https://edmdancedirectory.com/djs/aisha
AJ Christou,https://edmdancedirectory.com/djs/aj-christou
AJACENT,https://edmdancedirectory.com/djs/ajacent
AK SPORTS,https://edmdancedirectory.com/djs/ak-sports
AKA AKA,https://edmdancedirectory.com/djs/aka-aka
AKTIVE,https://edmdancedirectory.com/djs/aktive
AKWA,https://edmdancedirectory.com/djs/akwa
ALADAG,https://edmdancedirectory.com/djs/aladag
ALEJO (US),https://edmdancedirectory.com/djs/alejo-us
ALEX FÖX,https://edmdancedirectory.com/djs/alex-fox
ALEX PAN,https://edmdancedirectory.com/djs/alex-pan
ALEX WANG,https://edmdancedirectory.com/djs/alex-wang
ALEXIS DE LA ROSA,https://edmdancedirectory.com/djs/alexis-de-la-rosa
ALI IRL,https://edmdancedirectory.com/djs/ali-irl
ALI3N,https://edmdancedirectory.com/djs/ali3n
ALIS.,https://edmdancedirectory.com/djs/alis
ALISHA,https://edmdancedirectory.com/djs/alisha
ALKARLINE,https://edmdancedirectory.com/djs/alkarline
ALL EXITS,https://edmdancedirectory.com/djs/all-exits
ALNA,https://edmdancedirectory.com/djs/alna
ALONSO (ES),https://edmdancedirectory.com/djs/alonso-es
ALP (DE),https://edmdancedirectory.com/djs/alp-de
ALT8,https://edmdancedirectory.com/djs/alt8
ALTÉGO,https://edmdancedirectory.com/djs/altego
